command,mean,stddev,median,user,system,min,max,parameter_n
./benches/out/session_1.kk.out 1000,0.011066863960000001,0.001015351540689135,0.01086870736,0.004865479999999999,0.0022357199999999996,0.00980750736,0.01259300636,1000
./benches/out/session_2.kk.out 1000,0.009218364560000001,0.0005601920323609576,0.00917538536,0.00248148,0.00261232,0.00859140836,0.01010104736,1000
./benches/out/session_3.kk.out 1000,0.010534826160000002,0.0018236978727951896,0.010930329360000001,0.00476328,0.0018059199999999997,0.007714190360000001,0.01273654536,1000
